Weather,Bat one,runs,runs in last 5 matches,avg in last five matches,Performance
Sunny,thirteen,fifteen,above two hundred,below fifty,bad
Sunny,fourty three,fourty four,above two hundred,below fifty,normal
Cloudy,fifty six,fifty six,below two hundred,below fifty,normal
Sunny,fifty three,fifty three,above two hundred,below fifty,normal
Cloudy,fifty two,fifty two,above two hundred,above fifty,normal
Cloudy,ten,ten,above three hundred,above fifty,bad
Sunny,twelve,twelve,above three hundred,above fifty,bad
Cloudy,seventy eight,seventy nine,above three hundred,above fifty,normal
Cloudy,one hundred six,one hundred six,above two hundred,above fifty,good
Cloudy,one hundred six,one hundred six,below two hundred,below fifty,good
Cloudy,twenty four,twenty four,below two hundred,below fifty,good
Cloudy,thirty two,thirty two,below hundred,below fifty,good
Cloudy,four ,six,below hundred,below fifty,normal
Cloudy,fourty three,fourty three,above two hundred,above fifty,best
Sunny,fifteen,fifteen,above two hundred,below fifty,best
Sunny,one  ,one ,above two hundred,below fifty,best
Sunny,ten,ten,above two hundred,below fifty,best
Cloudy,two hundred,two hundred,above two hundred,above fifty,best
Sunny,twenty one,twenty one,below hundred,below fifty,normal
Windy,five,five,below hundred,below fifty,normal
Sunny,twenty five,twenty seven,below hundred,below fifty,normal
Sunny,three,five,above hundred,below fifty,good
Windy,eleven,twelve,above hundred,below fifty,best
Cloudy,five,five,above hundred,below fifty,best
Sunny,four,five,above two hundred,below fifty,best
Windy,seventy three,seventy four,above two hundred,above fifty,best
Sunny,seventy five,seventy six,above two hundred,below fifty,best
Cloudy,fourteen,fourteen,above hundred,below fifty,best
Sunny,thirty nine,thirty nine,above hundred,below fifty,best
Sunny,eighty nine,ninety,below hundred,below fifty,bad
